Copyright (C) 2020  Intel Corporation. All rights reserved.
Your use of Intel Corporation's design tools, logic functions 
and other software and tools, and any partner logic 
functions, and any output files from any of the foregoing 
(including device programming or simulation files), and any 
associated documentation or information are expressly subject 
to the terms and conditions of the Intel Program License 
Subscription Agreement, the Intel Quartus Prime License Agreement,
the Intel FPGA IP License Agreement, or other applicable license
agreement, including, without limitation, that your use is for
the sole purpose of programming logic devices manufactured by
Intel and sold by Intel or its authorized distributors.  Please
refer to the applicable agreement for further details, at
https://fpgasoftware.intel.com/eula.

Fitter Resource Usage Summary

Resource,Usage
Total logic elements,"17,240 / 149,760 ( 12 % )"
    -- Combinational with no register,5142
    -- Register only,5167
    -- Combinational with a register,6931
,
Logic element usage by number of LUT inputs,
    -- 4 input functions,8932
    -- 3 input functions,1849
    -- <=2 input functions,1292
    -- Register only,5167
,
Logic elements by mode,
    -- normal mode,10177
    -- arithmetic mode,1896
,
Total registers*  ,"12,098 / 152,165 ( 8 % )"
    -- Dedicated logic registers,"12,098 / 149,760 ( 8 % )"
    -- I/O registers,"0 / 2,405 ( 0 % )"
,
Total LABs:  partially or completely used,"1,434 / 9,360 ( 15 % )"
Virtual pins,0
I/O pins,454 / 508 ( 89 % )
    -- Clock pins ,3 / 10 ( 30 % )
    -- Dedicated input pins ,0 / 25 ( 0 % )
 , 
M9Ks,0 / 720 ( 0 % )
Total block memory bits,"0 / 6,635,520 ( 0 % )"
Total block memory implementation bits,"0 / 6,635,520 ( 0 % )"
Embedded Multiplier 9-bit elements,0 / 720 ( 0 % )
PLLs,0 / 8 ( 0 % )
Global signals ,1
    -- Global clocks,1 / 30 ( 3 % )
JTAGs,0 / 1 ( 0 % )
CRC blocks,0 / 1 ( 0 % )
ASMI blocks,0 / 1 ( 0 % )
Oscillator blocks,0 / 1 ( 0 % )
GXB Receiver channel PCSs,0 / 8 ( 0 % )
GXB Receiver channel PMAs,0 / 8 ( 0 % )
GXB Transmitter channel PCSs,0 / 8 ( 0 % )
GXB Transmitter channel PMAs,0 / 8 ( 0 % )
Impedance control blocks,0 / 3 ( 0 % )
Average interconnect usage (total/H/V),5.0% / 4.3% / 6.0%
Peak interconnect usage (total/H/V),32.6% / 30.0% / 36.2%
Maximum fan-out,12098
Highest non-global fan-out,1723
Total fan-out,85104
Average fan-out,2.87