Copyright (C) 2020  Intel Corporation. All rights reserved.
Your use of Intel Corporation's design tools, logic functions 
and other software and tools, and any partner logic 
functions, and any output files from any of the foregoing 
(including device programming or simulation files), and any 
associated documentation or information are expressly subject 
to the terms and conditions of the Intel Program License 
Subscription Agreement, the Intel Quartus Prime License Agreement,
the Intel FPGA IP License Agreement, or other applicable license
agreement, including, without limitation, that your use is for
the sole purpose of programming logic devices manufactured by
Intel and sold by Intel or its authorized distributors.  Please
refer to the applicable agreement for further details, at
https://fpgasoftware.intel.com/eula.

Flow Summary

Flow Status,Successful - Sat Dec 13 17:48:01 2025
Quartus Prime Version,20.1.0 Build 711 06/05/2020 SJ Lite Edition
Revision Name,corelet
Top-level Entity Name,corelet
Family,Cyclone IV GX
Device,EP4CGX150DF31I7AD
Timing Models,Final
Total logic elements,"17,240 / 149,760 ( 12 % )"
    Total combinational functions,"12,073 / 149,760 ( 8 % )"
    Dedicated logic registers,"12,098 / 149,760 ( 8 % )"
Total registers,12098
Total pins,454 / 508 ( 89 % )
Total virtual pins,0
Total memory bits,"0 / 6,635,520 ( 0 % )"
Embedded Multiplier 9-bit elements,0 / 720 ( 0 % )
Total GXB Receiver Channel PCS,0 / 8 ( 0 % )
Total GXB Receiver Channel PMA,0 / 8 ( 0 % )
Total GXB Transmitter Channel PCS,0 / 8 ( 0 % )
Total GXB Transmitter Channel PMA,0 / 8 ( 0 % )
Total PLLs,0 / 8 ( 0 % )